{
  "lang":"en",
  "name":"pipeline",
  "version":"0.0.0",
  "spacy_version":">=3.8.14,<3.9.0",
  "description":"",
  "author":"",
  "email":"",
  "url":"",
  "license":"",
  "spacy_git_version":"0069cf9",
  "vectors":{
    "width":0,
    "vectors":0,
    "keys":0,
    "name":null,
    "mode":"default"
  },
  "labels":{
    "transformer":[

    ],
    "ner":[
      "DAIRY",
      "FRUITS",
      "GRAINS",
      "HERBS_SPICES",
      "LEGUMES",
      "MEATS",
      "NUTS_SEED",
      "OILS_FATS",
      "OTHER",
      "SWEETENERS",
      "VEG"
    ]
  },
  "pipeline":[
    "transformer",
    "ner"
  ],
  "components":[
    "transformer",
    "ner"
  ],
  "disabled":[

  ],
  "performance":{
    "ents_f":0.7228915663,
    "ents_p":0.7575757576,
    "ents_r":0.6912442396,
    "ents_per_type":{
      "OTHER":{
        "p":0.6363636364,
        "r":0.6363636364,
        "f":0.6363636364
      },
      "OILS_FATS":{
        "p":1.0,
        "r":1.0,
        "f":1.0
      },
      "SWEETENERS":{
        "p":0.8947368421,
        "r":0.6296296296,
        "f":0.7391304348
      },
      "GRAINS":{
        "p":0.5,
        "r":0.4,
        "f":0.4444444444
      },
      "HERBS_SPICES":{
        "p":0.8787878788,
        "r":0.8787878788,
        "f":0.8787878788
      },
      "DAIRY":{
        "p":0.7,
        "r":0.7777777778,
        "f":0.7368421053
      },
      "VEG":{
        "p":0.8095238095,
        "r":0.7727272727,
        "f":0.7906976744
      },
      "NUTS_SEED":{
        "p":0.75,
        "r":0.75,
        "f":0.75
      },
      "FRUITS":{
        "p":0.8125,
        "r":0.6842105263,
        "f":0.7428571429
      },
      "MEATS":{
        "p":0.5833333333,
        "r":0.3888888889,
        "f":0.4666666667
      },
      "LEGUMES":{
        "p":0.0,
        "r":0.0,
        "f":0.0
      }
    },
    "transformer_loss":193.0171849155,
    "ner_loss":326.2501525879
  }
}